date;age;stream;hours;work;instr;compose;favgenre;explore;lang;classical;country;edm;folk;gospel;hiphop;jazz;kpop;latin;lofi;metal;pop;rnb;rap;rock;videogame;anxiety;depression;insomnia;ocd;effect;Acepto
2024/08/06 7:13:48 p.Â m. EEST;30;No suelo utilizar servicios de streaming;0.5;No;No;No;Rock;No;S’;Rara vez;A veces;Nunca;Con frecuencia;Nunca;Nunca;A veces;Nunca;Nunca;A veces;Nunca;Con frecuencia;Nunca;Nunca;Con frecuencia;Nunca;4;2;1;0;Mejoran;Acepto
2024/08/06 8:14:45 p.Â m. EEST;30;Spotify;9;S’;No;No;Rock;S’;S’;Nunca;Nunca;Nunca;Nunca;Nunca;Nunca;Nunca;Nunca;Con frecuencia;Nunca;Nunca;A veces;Nunca;Nunca;Con frecuencia;Nunca;2;1;2;0;Mejoran;Acepto
2024/08/06 8:21:39 p.Â m. EEST;23;Spotify;1;S’;S’;No;Latina;S’;S’;Rara vez;Rara vez;Nunca;Con frecuencia;Rara vez;Con frecuencia;Rara vez;Nunca;Con frecuencia;Nunca;Con frecuencia;Con frecuencia;A veces;Con frecuencia;Con frecuencia;Nunca;6;6;2;0;Mejoran;Acepto
2024/08/06 8:24:38 p.Â m. EEST;24;Spotify;1;No;No;No;Pop;S’;No;Nunca;Nunca;Nunca;Nunca;Nunca;Con frecuencia;A veces;Con frecuencia;Nunca;Nunca;Nunca;A veces;Nunca;Nunca;Nunca;Nunca;2;0;2;0;Mejoran;Acepto
2024/08/06 8:28:27 p.Â m. EEST;30;Otros;2;No;No;No;Hip hop;S’;No;A veces;Rara vez;Con frecuencia;Rara vez;Rara vez;Con frecuencia;A veces;Rara vez;Con frecuencia;A veces;Con frecuencia;Rara vez;Rara vez;Con frecuencia;Con frecuencia;A veces;7;7;0;7;Mejoran;Acepto
2024/08/06 8:29:46 p.Â m. EEST;30;Spotify;1;No;No;No;Pop;No;S’;Nunca;Nunca;Nunca;Nunca;Nunca;Nunca;Nunca;Nunca;Con frecuencia;Nunca;Nunca;Con frecuencia;Nunca;Nunca;A veces;Nunca;6;0;2;3;Apenas noto efecto;Acepto
2024/08/06 8:35:04 p.Â m. EEST;58;Otros;4;No;No;No;Rock;No;S’;A veces;Rara vez;Nunca;Nunca;Nunca;Nunca;Nunca;Nunca;A veces;Nunca;A veces;A veces;Nunca;Nunca;A veces;Nunca;0;0;0;1;Mejoran;Acepto
2024/08/06 8:36:53 p.Â m. EEST;35;Youtube Music;2;No;No;No;Latina;S’;No;Nunca;Rara vez;Nunca;Nunca;Nunca;Nunca;Rara vez;Nunca;Con frecuencia;Nunca;Nunca;Con frecuencia;Nunca;Nunca;Rara vez;Rara vez;6;1;3;2;Mejoran;Acepto
2024/08/06 8:37:52 p.Â m. EEST;49;Youtube Music;13;No;No;No;Pop;No;No;Nunca;Nunca;Nunca;Nunca;Nunca;Con frecuencia;Nunca;Nunca;Nunca;Nunca;Nunca;Con frecuencia;Nunca;Nunca;A veces;Nunca;3;3;2;3;Mejoran;Acepto
2024/08/06 8:37:56 p.Â m. EEST;30;Spotify;5;No;No;No;Pop;S’;S’;A veces;Rara vez;Rara vez;Rara vez;Rara vez;Rara vez;Rara vez;Rara vez;Rara vez;Rara vez;Rara vez;Con frecuencia;Rara vez;Rara vez;Rara vez;Nunca;8;5;6;8;Mejoran;Acepto
2024/08/06 8:40:04 p.Â m. EEST;31;Youtube Music;2;No;No;No;Pop;S’;No;Nunca;Nunca;Nunca;Nunca;Nunca;Nunca;Nunca;Nunca;Con frecuencia;Nunca;Nunca;Con frecuencia;Nunca;Nunca;A veces;A veces;2;0;2;0;Mejoran;Acepto
2024/08/06 8:40:08 p.Â m. EEST;29;No suelo utilizar servicios de streaming;9;S’;S’;S’;Lo-Fi;S’;S’;A veces;Rara vez;Nunca;A veces;Nunca;Rara vez;A veces;Nunca;Nunca;Con frecuencia;Rara vez;A veces;Rara vez;Rara vez;Con frecuencia;Rara vez;9;4;1;0;Mejoran;Acepto
2024/08/06 8:40:18 p.Â m. EEST;56;Spotify;1;No;No;No;Pop;No;S’;Rara vez;Rara vez;Rara vez;Rara vez;Rara vez;Rara vez;Rara vez;Rara vez;Con frecuencia;Rara vez;Rara vez;Con frecuencia;A veces;Nunca;Rara vez;Nunca;1;1;1;1;Mejoran;Acepto
2024/08/06 8:41:15 p.Â m. EEST;39;Spotify;2;S’;No;No;Rock;S’;S’;Con frecuencia;Rara vez;Nunca;Nunca;Nunca;Con frecuencia;Nunca;Nunca;A veces;Nunca;Nunca;A veces;Nunca;A veces;Con frecuencia;Nunca;7;6;5;5;Mejoran;Acepto
2024/08/06 8:41:40 p.Â m. EEST;20;No suelo utilizar servicios de streaming;3;No;S’;S’;Rock;S’;S’;Rara vez;Nunca;Nunca;A veces;Nunca;Nunca;Rara vez;Nunca;Nunca;A veces;A veces;Rara vez;Nunca;Nunca;Con frecuencia;Nunca;5;5;3;0;Mejoran;Acepto
2024/08/06 8:42:52 p.Â m. EEST;31;Spotify;0.5;No;No;No;Pop;No;S’;Rara vez;Nunca;Nunca;Nunca;Rara vez;A veces;Rara vez;Rara vez;A veces;A veces;A veces;Con frecuencia;Con frecuencia;Con frecuencia;Con frecuencia;Con frecuencia;5;4;2;10;Mejoran;Acepto
2024/08/06 8:44:00 p.Â m. EEST;23;Youtube Music;2;No;No;No;Pop;No;No;Nunca;Nunca;Rara vez;Nunca;Nunca;A veces;Nunca;Nunca;A veces;Nunca;Rara vez;Con frecuencia;A veces;Rara vez;A veces;Nunca;3;3;3;3;Apenas noto efecto;Acepto
2024/08/06 8:44:33 p.Â m. EEST;45;Otros;2.5;S’;No;No;Latina;No;S’;A veces;Rara vez;Nunca;Rara vez;Rara vez;Rara vez;Rara vez;Nunca;A veces;Nunca;Rara vez;A veces;A veces;Rara vez;A veces;Nunca;1;2;1;0;Mejoran;Acepto
2024/08/06 8:46:35 p.Â m. EEST;32;No suelo utilizar servicios de streaming;8.5;S’;No;No;EDM;No;S’;Rara vez;Rara vez;Con frecuencia;Nunca;Nunca;Con frecuencia;Con frecuencia;A veces;Con frecuencia;Rara vez;A veces;Con frecuencia;A veces;A veces;A veces;Nunca;8;7;5;6;Apenas noto efecto;Acepto
2024/08/06 8:48:01 p.Â m. EEST;29;Youtube Music;4;S’;S’;S’;Rock;S’;S’;A veces;Con frecuencia;A veces;Rara vez;Rara vez;Con frecuencia;Rara vez;Nunca;Nunca;Rara vez;Con frecuencia;Con frecuencia;A veces;Con frecuencia;Con frecuencia;Nunca;10;2;9;0;Mejoran;Acepto
2024/08/06 8:49:27 p.Â m. EEST;31;Spotify;4;S’;S’;No;Pop;S’;No;A veces;A veces;Rara vez;Rara vez;Rara vez;Rara vez;Rara vez;A veces;Con frecuencia;Nunca;Rara vez;Con frecuencia;Nunca;Nunca;A veces;Rara vez;2;0;2;0;Mejoran;Acepto
2024/08/06 8:55:08 p.Â m. EEST;31;Spotify;2.5;S’;S’;No;Rock;S’;No;Rara vez;Rara vez;Nunca;Nunca;Rara vez;Rara vez;A veces;Nunca;Con frecuencia;Nunca;Rara vez;Con frecuencia;A veces;A veces;Con frecuencia;Nunca;3;2;1;2;Mejoran;Acepto
2024/08/06 8:57:17 p.Â m. EEST;29;Youtube Music;0.5;S’;No;No;Pop;No;S’;A veces;Rara vez;Nunca;Nunca;Nunca;Rara vez;Nunca;Nunca;Rara vez;Nunca;Rara vez;Con frecuencia;A veces;Rara vez;A veces;Rara vez;1;1;1;1;Apenas noto efecto;Acepto
2024/08/06 8:59:36 p.Â m. EEST;31;Spotify;1.5;No;No;No;Rock;No;S’;Nunca;Nunca;Nunca;Nunca;Nunca;Nunca;Nunca;Nunca;Con frecuencia;Nunca;Con frecuencia;Con frecuencia;Nunca;Nunca;Con frecuencia;Nunca;6;1;3;8;Mejoran;Acepto
2024/08/06 8:59:53 p.Â m. EEST;30;Youtube Music;3.5;S’;No;No;Pop;No;S’;Rara vez;Nunca;Nunca;Nunca;Nunca;Nunca;Nunca;Nunca;A veces;Nunca;Nunca;Con frecuencia;Nunca;Rara vez;Con frecuencia;Rara vez;2;2;0;0;Mejoran;Acepto
2024/08/06 9:12:32 p.Â m. EEST;32;Spotify;3;S’;No;No;Rock;S’;S’;A veces;Nunca;Nunca;Nunca;Nunca;Rara vez;Nunca;Nunca;Con frecuencia;Con frecuencia;Rara vez;Con frecuencia;Nunca;Rara vez;Con frecuencia;A veces;1;0;0;0;Mejoran;Acepto
2024/08/06 9:17:08 p.Â m. EEST;34;Spotify;3;S’;S’;S’;Rock;S’;S’;Rara vez;A veces;A veces;A veces;Nunca;A veces;A veces;Nunca;Nunca;A veces;Rara vez;Con frecuencia;Rara vez;Con frecuencia;Con frecuencia;Rara vez;7;4;9;1;Apenas noto efecto;Acepto
2024/08/06 9:26:18 p.Â m. EEST;29;Spotify;3;No;No;No;Latina;S’;S’;Nunca;Rara vez;Nunca;Rara vez;Rara vez;A veces;Nunca;Nunca;Con frecuencia;A veces;Nunca;Con frecuencia;A veces;Rara vez;Rara vez;Nunca;8;7;6;0;Mejoran;Acepto
2024/08/06 9:28:04 p.Â m. EEST;29;Spotify;2.5;No;No;No;R&B;S’;S’;Rara vez;Rara vez;Nunca;Rara vez;Rara vez;A veces;Nunca;Nunca;Con frecuencia;Rara vez;Nunca;Con frecuencia;Con frecuencia;A veces;Rara vez;Nunca;10;10;10;10;Apenas noto efecto;Acepto
2024/08/06 9:29:55 p.Â m. EEST;30;Youtube Music;1;S’;No;No;Pop;No;S’;Rara vez;Nunca;Rara vez;Nunca;Nunca;Nunca;Nunca;Con frecuencia;A veces;Nunca;Nunca;Con frecuencia;Nunca;Nunca;Rara vez;Nunca;7;1;1;1;Mejoran;Acepto
2024/08/06 9:32:30 p.Â m. EEST;37;Spotify;1;No;No;S’;Pop;S’;S’;Rara vez;Rara vez;Nunca;A veces;A veces;A veces;Rara vez;Rara vez;Con frecuencia;Nunca;Rara vez;Con frecuencia;Con frecuencia;A veces;A veces;Rara vez;3;4;1;0;Mejoran;Acepto
2024/08/06 9:35:49 p.Â m. EEST;35;Spotify;2;No;No;No;Rock;S’;S’;Rara vez;Rara vez;A veces;Rara vez;Nunca;A veces;A veces;Nunca;A veces;A veces;Con frecuencia;A veces;Rara vez;A veces;Con frecuencia;Con frecuencia;8;4;7;0;Mejoran;Acepto
2024/08/06 9:37:59 p.Â m. EEST;27;Spotify;0.5;No;No;No;Rock;S’;S’;A veces;Rara vez;Rara vez;Rara vez;Nunca;Rara vez;A veces;Rara vez;A veces;A veces;Con frecuencia;Con frecuencia;A veces;A veces;Con frecuencia;A veces;3;2;0;3;Apenas noto efecto;Acepto
2024/08/06 9:41:41 p.Â m. EEST;26;Youtube Music;0.25;No;No;No;Pop;No;No;Rara vez;Nunca;Nunca;Rara vez;Nunca;Nunca;A veces;Nunca;Con frecuencia;Nunca;Rara vez;Con frecuencia;Nunca;Nunca;A veces;Rara vez;7;4;2;7;Apenas noto efecto;Acepto
2024/08/06 9:53:59 p.Â m. EEST;31;Spotify;8;S’;S’;No;Rock;S’;S’;Rara vez;Con frecuencia;Rara vez;A veces;Nunca;Rara vez;Rara vez;A veces;Con frecuencia;Rara vez;Con frecuencia;Con frecuencia;Rara vez;Rara vez;Con frecuencia;Con frecuencia;5;0;0;5;Mejoran;Acepto
2024/08/06 10:01:41 p.Â m. EEST;31;Spotify;6;S’;No;No;Pop;S’;No;Rara vez;A veces;Con frecuencia;Rara vez;Rara vez;Nunca;Rara vez;A veces;Con frecuencia;Rara vez;Nunca;Con frecuencia;A veces;Rara vez;A veces;A veces;8;5;0;5;Apenas noto efecto;Acepto
2024/08/06 10:22:18 p.Â m. EEST;35;No suelo utilizar servicios de streaming;1;No;S’;No;Rock;S’;S’;Rara vez;Rara vez;Con frecuencia;A veces;Nunca;Con frecuencia;Rara vez;Nunca;Nunca;Nunca;A veces;Con frecuencia;Rara vez;Con frecuencia;Con frecuencia;A veces;1;0;0;0;Mejoran;Acepto
2024/08/06 10:24:34 p.Â m. EEST;37;Spotify;1;No;No;No;Pop;No;No;Rara vez;Rara vez;Rara vez;Rara vez;Rara vez;Rara vez;Rara vez;Rara vez;A veces;Rara vez;Rara vez;Con frecuencia;Rara vez;Rara vez;Con frecuencia;Rara vez;8;0;0;4;Mejoran;Acepto
2024/08/06 10:25:23 p.Â m. EEST;31;Spotify;1;S’;No;No;Pop;No;S’;Rara vez;Nunca;Rara vez;Rara vez;Nunca;Rara vez;Rara vez;Nunca;A veces;Nunca;Rara vez;A veces;Nunca;Rara vez;A veces;Rara vez;1;2;1;2;Mejoran;Acepto
2024/08/06 10:25:58 p.Â m. EEST;23;Spotify;2;No;No;No;Pop;S’;S’;A veces;A veces;Nunca;Rara vez;Rara vez;Rara vez;A veces;Nunca;A veces;Nunca;Nunca;Con frecuencia;A veces;Rara vez;Con frecuencia;Nunca;5;1;4;1;Mejoran;Acepto
2024/08/06 10:27:45 p.Â m. EEST;29;Spotify;1;S’;No;No;Pop;No;No;A veces;Rara vez;Rara vez;A veces;Nunca;Nunca;A veces;Nunca;Con frecuencia;Rara vez;Nunca;Con frecuencia;Rara vez;Nunca;Con frecuencia;Nunca;7;7;5;0;Apenas noto efecto;Acepto
2024/08/06 10:30:17 p.Â m. EEST;24;Spotify;1;No;No;No;Pop;No;No;Con frecuencia;Nunca;Nunca;Nunca;Nunca;A veces;Rara vez;Nunca;Con frecuencia;Nunca;Nunca;Con frecuencia;A veces;A veces;Rara vez;Nunca;7;2;0;0;Mejoran;Acepto
2024/08/06 10:54:12 p.Â m. EEST;24;Spotify;1.5;No;S’;No;Pop;No;No;Con frecuencia;Nunca;Nunca;Nunca;Nunca;A veces;Nunca;A veces;Con frecuencia;Nunca;Nunca;Con frecuencia;A veces;Nunca;Rara vez;Nunca;9;4;5;6;Mejoran;Acepto
2024/08/06 10:57:19 p.Â m. EEST;28;Otros;4;S’;No;No;EDM;S’;S’;Rara vez;Nunca;Con frecuencia;Con frecuencia;Nunca;Nunca;Rara vez;Nunca;Rara vez;Nunca;Con frecuencia;Con frecuencia;Rara vez;Rara vez;A veces;Rara vez;0;5;3;0;Apenas noto efecto;Acepto
2024/08/06 11:15:36 p.Â m. EEST;33;Spotify;4;No;S’;S’;Folk;No;No;A veces;A veces;Nunca;Con frecuencia;Rara vez;Nunca;A veces;Nunca;A veces;A veces;Rara vez;Con frecuencia;Rara vez;Nunca;Con frecuencia;Nunca;3;0;3;0;Apenas noto efecto;Acepto
2024/08/06 11:18:50 p.Â m. EEST;32;Spotify;0.25;No;No;No;Rock;No;No;Rara vez;Nunca;Rara vez;Nunca;Nunca;Nunca;Nunca;Nunca;Con frecuencia;Nunca;Rara vez;Con frecuencia;Nunca;Nunca;Con frecuencia;Nunca;9;6;3;9;Apenas noto efecto;Acepto
2024/08/06 11:25:33 p.Â m. EEST;24;Spotify;3;S’;S’;No;Rock;No;S’;A veces;A veces;Rara vez;A veces;A veces;A veces;Rara vez;Nunca;Con frecuencia;Rara vez;Con frecuencia;Con frecuencia;A veces;Rara vez;Con frecuencia;Rara vez;7;4;4;0;Mejoran;Acepto
2024/08/06 11:27:47 p.Â m. EEST;28;Spotify;0.5;No;No;No;Pop;No;No;Nunca;Nunca;Rara vez;Nunca;Nunca;Rara vez;Nunca;Nunca;Con frecuencia;Nunca;Nunca;Con frecuencia;Nunca;Rara vez;A veces;Nunca;2;0;1;4;Apenas noto efecto;Acepto
2024/08/06 11:31:53 p.Â m. EEST;33;Spotify;1.5;No;No;No;Rock;S’;S’;Nunca;Nunca;Nunca;Nunca;Nunca;Rara vez;Nunca;Nunca;Nunca;Nunca;Rara vez;A veces;Nunca;Rara vez;Con frecuencia;Nunca;3;3;2;1;Mejoran;Acepto
2024/08/06 11:33:35 p.Â m. EEST;23;Spotify;0.5;No;No;No;Rock;No;No;Rara vez;Rara vez;Nunca;Nunca;Nunca;Nunca;Rara vez;Nunca;Nunca;Nunca;Rara vez;A veces;Nunca;Nunca;Con frecuencia;Nunca;6;1;5;1;Apenas noto efecto;Acepto
2024/08/06 11:48:10 p.Â m. EEST;32;Spotify;4;No;S’;S’;Lo-Fi;S’;S’;A veces;A veces;Rara vez;Con frecuencia;Rara vez;A veces;A veces;Nunca;Rara vez;Con frecuencia;Rara vez;A veces;A veces;A veces;Con frecuencia;Nunca;8;8;7;4;Apenas noto efecto;Acepto
2024/08/07 12:10:11 a.Â m. EEST;27;Spotify;2;S’;S’;S’;Rock;S’;S’;Rara vez;A veces;Nunca;A veces;A veces;Rara vez;A veces;Nunca;Nunca;Rara vez;Nunca;Rara vez;Nunca;Nunca;Con frecuencia;Nunca;8;2;2;2;Apenas noto efecto;Acepto
2024/08/07 12:20:43 a.Â m. EEST;25;Spotify;5;S’;S’;No;Hip hop;No;S’;Rara vez;Rara vez;Nunca;Nunca;Nunca;Con frecuencia;A veces;Nunca;Con frecuencia;Nunca;Rara vez;Con frecuencia;Rara vez;Con frecuencia;A veces;Rara vez;8;7;8;5;Mejoran;Acepto
2024/08/07 12:23:49 a.Â m. EEST;30;Spotify;2;S’;S’;No;Pop;No;No;Rara vez;Nunca;Nunca;Nunca;Nunca;Nunca;Nunca;Nunca;Con frecuencia;Nunca;Nunca;Con frecuencia;Rara vez;Rara vez;Rara vez;Nunca;4;1;2;8;Mejoran;Acepto
2024/08/07 12:25:31 a.Â m. EEST;27;Spotify;3;S’;No;No;Latina;S’;No;Rara vez;Nunca;A veces;Rara vez;Rara vez;A veces;Rara vez;Nunca;Con frecuencia;Nunca;Rara vez;Rara vez;A veces;A veces;A veces;Nunca;8;5;7;7;Mejoran;Acepto
2024/08/07 12:26:04 a.Â m. EEST;32;Spotify;2.5;No;S’;No;Pop;S’;S’;A veces;A veces;A veces;A veces;A veces;Rara vez;A veces;Nunca;A veces;Nunca;Rara vez;A veces;Nunca;Nunca;A veces;Nunca;7;4;5;5;Mejoran;Acepto
2024/08/07 12:34:36 a.Â m. EEST;25;Youtube Music;3;S’;S’;S’;Pop;No;S’;A veces;Nunca;Nunca;A veces;Rara vez;Rara vez;Nunca;Nunca;Con frecuencia;Nunca;Rara vez;Con frecuencia;Rara vez;Rara vez;A veces;Nunca;2;1;0;0;Mejoran;Acepto
2024/08/07 12:34:47 a.Â m. EEST;20;Spotify;4;S’;S’;No;Rock;S’;S’;Rara vez;Nunca;Nunca;Rara vez;Rara vez;A veces;Nunca;Nunca;Con frecuencia;Nunca;Rara vez;Con frecuencia;Con frecuencia;Con frecuencia;Con frecuencia;Nunca;5;2;7;0;Mejoran;Acepto
2024/08/07 12:36:00 a.Â m. EEST;24;Spotify;2;No;S’;No;Pop;S’;S’;A veces;Rara vez;Nunca;Rara vez;Rara vez;Nunca;Rara vez;Nunca;A veces;Nunca;Nunca;Con frecuencia;Rara vez;Nunca;Con frecuencia;Nunca;7;2;1;0;Mejoran;Acepto
2024/08/07 12:37:55 a.Â m. EEST;31;Spotify;2;No;No;No;Pop;S’;S’;A veces;A veces;Rara vez;A veces;Rara vez;A veces;Nunca;Con frecuencia;A veces;Con frecuencia;Nunca;Con frecuencia;A veces;A veces;A veces;Rara vez;10;8;9;8;Apenas noto efecto;Acepto
2024/08/07 12:39:09 a.Â m. EEST;25;Spotify;6;S’;S’;No;Rock;S’;S’;A veces;Rara vez;Nunca;Con frecuencia;Nunca;A veces;Rara vez;Nunca;Con frecuencia;Nunca;A veces;Rara vez;Nunca;Rara vez;Con frecuencia;Rara vez;2;3;6;0;Apenas noto efecto;Acepto
2024/08/07 12:39:10 a.Â m. EEST;19;Spotify;2;S’;S’;No;Pop;S’;S’;Con frecuencia;Nunca;Rara vez;Nunca;Nunca;Nunca;Nunca;Nunca;Con frecuencia;Nunca;Nunca;Con frecuencia;Nunca;Rara vez;Nunca;Nunca;3;0;2;0;Mejoran;Acepto
2024/08/07 12:47:26 a.Â m. EEST;26;Spotify;3.5;S’;S’;S’;Rock;S’;S’;Con frecuencia;A veces;Con frecuencia;Con frecuencia;A veces;A veces;A veces;Nunca;Con frecuencia;Con frecuencia;Rara vez;Con frecuencia;A veces;Rara vez;Con frecuencia;Rara vez;8;7;5;2;Apenas noto efecto;Acepto
2024/08/07 12:50:16 a.Â m. EEST;27;Spotify;2;No;S’;S’;Rock;S’;S’;A veces;A veces;A veces;Rara vez;Nunca;Rara vez;A veces;Nunca;Rara vez;A veces;A veces;Con frecuencia;Con frecuencia;A veces;Con frecuencia;Rara vez;4;4;4;10;Mejoran;Acepto
2024/08/07 12:51:15 a.Â m. EEST;27;Spotify;4;S’;S’;No;EDM;No;S’;Rara vez;Nunca;Con frecuencia;Rara vez;Nunca;Rara vez;Nunca;Nunca;Rara vez;Nunca;Con frecuencia;A veces;Rara vez;Rara vez;Con frecuencia;Nunca;7;7;3;0;Apenas noto efecto;Acepto
2024/08/07 4:15:34 a.Â m. EEST;38;Youtube Music;1;No;S’;No;Pop;S’;S’;Rara vez;Nunca;Nunca;Con frecuencia;Rara vez;Nunca;Nunca;Rara vez;A veces;Nunca;A veces;Con frecuencia;Rara vez;Nunca;Con frecuencia;Rara vez;2;1;1;0;Mejoran;Acepto
2024/08/07 8:34:25 a.Â m. EEST;29;Spotify;1;S’;No;No;Pop;No;S’;A veces;Nunca;Nunca;Nunca;Nunca;Nunca;Nunca;Nunca;Rara vez;Nunca;Nunca;Con frecuencia;Nunca;Nunca;Con frecuencia;A veces;2;1;2;1;Apenas noto efecto;Acepto
2024/08/07 11:27:02 a.Â m. EEST;25;Spotify;4;S’;No;No;R&B;S’;S’;A veces;Rara vez;Nunca;Rara vez;Rara vez;A veces;A veces;Nunca;Con frecuencia;Con frecuencia;Nunca;Con frecuencia;Con frecuencia;Con frecuencia;Con frecuencia;Nunca;7;7;5;3;Mejoran;Acepto
2024/08/07 11:59:33 a.Â m. EEST;40;Spotify;1;No;No;No;Latina;No;No;A veces;A veces;Rara vez;A veces;Rara vez;Rara vez;Rara vez;A veces;Con frecuencia;Rara vez;Rara vez;Con frecuencia;Rara vez;Rara vez;Rara vez;Nunca;6;0;0;0;Mejoran;Acepto
2024/08/07 12:01:37 p.Â m. EEST;41;Otros;0.5;No;No;No;Pop;No;S’;Rara vez;Rara vez;Nunca;Rara vez;Nunca;Nunca;Rara vez;Nunca;Con frecuencia;Nunca;Nunca;Con frecuencia;Rara vez;Nunca;A veces;Nunca;8;6;6;3;Apenas noto efecto;Acepto
2024/08/07 12:02:02 p.Â m. EEST;20;Spotify;3.5;No;No;No;Pop;S’;S’;Nunca;Nunca;Nunca;Nunca;Nunca;Rara vez;Rara vez;Nunca;A veces;Nunca;A veces;Con frecuencia;Rara vez;Nunca;Con frecuencia;Rara vez;1;0;0;0;Mejoran;Acepto
2024/08/07 12:11:07 p.Â m. EEST;29;Spotify;1.5;No;No;No;Pop;No;S’;Rara vez;Nunca;Con frecuencia;Rara vez;Nunca;A veces;Rara vez;Nunca;Con frecuencia;Nunca;Nunca;Con frecuencia;Rara vez;A veces;Con frecuencia;A veces;3;3;0;0;Mejoran;Acepto
2024/08/07 12:15:18 p.Â m. EEST;62;No suelo utilizar servicios de streaming;0.5;No;No;No;Latina;No;No;Rara vez;Rara vez;Rara vez;A veces;Nunca;A veces;Nunca;Nunca;Con frecuencia;Nunca;Nunca;A veces;Nunca;Rara vez;Rara vez;Rara vez;0;0;1;0;Apenas noto efecto;Acepto
2024/08/07 12:15:52 p.Â m. EEST;47;Spotify;1;S’;S’;No;Rock;S’;S’;Con frecuencia;Nunca;Nunca;Rara vez;Rara vez;Rara vez;Rara vez;Nunca;Rara vez;Rara vez;A veces;A veces;A veces;Nunca;Con frecuencia;Nunca;0;0;1;0;Mejoran;Acepto
2024/08/07 12:32:53 p.Â m. EEST;53;Youtube Music;1;No;No;No;Folk;S’;S’;Con frecuencia;Rara vez;Nunca;Con frecuencia;Nunca;Nunca;Rara vez;A veces;Rara vez;Rara vez;Nunca;Con frecuencia;Nunca;Nunca;A veces;Rara vez;1;0;3;0;Apenas noto efecto;Acepto
2024/08/07 12:41:58 p.Â m. EEST;25;Spotify;0.5;No;No;No;Rock;No;No;Nunca;Rara vez;Nunca;Rara vez;Nunca;A veces;Rara vez;Nunca;Con frecuencia;Nunca;Con frecuencia;Con frecuencia;Nunca;A veces;Con frecuencia;Nunca;9;3;8;9;Apenas noto efecto;Acepto
2024/08/07 12:47:29 p.Â m. EEST;51;Spotify;1;S’;No;No;Pop;S’;S’;Nunca;Rara vez;Nunca;A veces;Nunca;Nunca;Nunca;Nunca;Con frecuencia;Nunca;Nunca;Con frecuencia;Nunca;Nunca;A veces;Nunca;0;0;1;0;Apenas noto efecto;Acepto
2024/08/07 12:48:14 p.Â m. EEST;52;No suelo utilizar servicios de streaming;0.25;No;S’;No;Folk;S’;S’;A veces;Nunca;Nunca;Con frecuencia;Nunca;Nunca;Rara vez;Nunca;Rara vez;Nunca;Rara vez;A veces;Nunca;Nunca;A veces;Nunca;1;0;1;0;Mejoran;Acepto
2024/08/07 12:52:46 p.Â m. EEST;37;Spotify;1;No;S’;No;Rock;S’;S’;Rara vez;Nunca;Nunca;A veces;Nunca;Rara vez;Rara vez;Rara vez;A veces;Nunca;Nunca;Con frecuencia;Rara vez;Rara vez;Con frecuencia;Nunca;3;0;1;0;Mejoran;Acepto
2024/08/07 1:00:42 p.Â m. EEST;24;Youtube Music;1;S’;No;No;Pop;S’;No;Nunca;Rara vez;Nunca;Nunca;Nunca;Rara vez;Nunca;Nunca;Rara vez;Nunca;Nunca;Con frecuencia;Rara vez;Nunca;A veces;Nunca;1;1;2;2;Mejoran;Acepto
2024/08/07 1:12:24 p.Â m. EEST;54;No suelo utilizar servicios de streaming;0.25;No;No;No;Pop;No;No;Rara vez;Nunca;Nunca;A veces;Nunca;Nunca;Nunca;Nunca;Con frecuencia;Nunca;Nunca;Con frecuencia;Nunca;Nunca;Nunca;Nunca;5;0;0;0;Mejoran;Acepto
2024/08/07 1:13:23 p.Â m. EEST;37;Spotify;1;No;No;No;Pop;No;S’;Nunca;Rara vez;Nunca;Rara vez;Nunca;A veces;Nunca;Rara vez;Con frecuencia;Rara vez;A veces;Con frecuencia;Rara vez;Rara vez;A veces;Nunca;2;1;2;0;Mejoran;Acepto
2024/08/07 1:18:34 p.Â m. EEST;50;Youtube Music;1;S’;No;No;Rock;No;S’;Con frecuencia;Nunca;Nunca;A veces;Nunca;Nunca;Nunca;Nunca;A veces;Nunca;A veces;A veces;A veces;Rara vez;A veces;Nunca;7;5;6;0;Apenas noto efecto;Acepto
2024/08/07 1:21:11 p.Â m. EEST;57;No suelo utilizar servicios de streaming;1;S’;No;No;Folk;No;S’;A veces;Nunca;Nunca;A veces;A veces;Nunca;Nunca;Rara vez;Rara vez;Nunca;Nunca;A veces;Nunca;Nunca;Rara vez;Nunca;0;0;0;0;Mejoran;Acepto
2024/08/07 1:23:33 p.Â m. EEST;55;No suelo utilizar servicios de streaming;2;No;S’;No;Pop;S’;S’;A veces;A veces;A veces;A veces;A veces;A veces;A veces;A veces;Con frecuencia;A veces;A veces;Con frecuencia;A veces;A veces;A veces;Rara vez;3;3;1;0;Apenas noto efecto;Acepto
2024/08/07 1:26:57 p.Â m. EEST;48;Youtube Music;1;No;S’;No;ClĂˇsica;S’;No;Con frecuencia;Rara vez;Rara vez;Rara vez;A veces;Nunca;Con frecuencia;Nunca;Con frecuencia;Nunca;Nunca;Con frecuencia;Rara vez;Nunca;Con frecuencia;Nunca;6;6;6;3;Mejoran;Acepto
2024/08/07 1:32:25 p.Â m. EEST;18;Spotify;11;S’;S’;No;Pop;S’;S’;Rara vez;Rara vez;Rara vez;A veces;Rara vez;A veces;A veces;A veces;A veces;Rara vez;Rara vez;Rara vez;Rara vez;Rara vez;Rara vez;Nunca;8;1;10;8;Mejoran;Acepto
2024/08/07 1:33:05 p.Â m. EEST;54;No suelo utilizar servicios de streaming;0.5;No;No;No;Pop;No;S’;A veces;A veces;Nunca;Nunca;A veces;Nunca;A veces;Nunca;Nunca;Nunca;Rara vez;A veces;Nunca;Rara vez;A veces;Nunca;0;0;0;0;Apenas noto efecto;Acepto
2024/08/07 1:33:16 p.Â m. EEST;67;Youtube Music;1;S’;No;No;Latina;No;No;A veces;A veces;Nunca;Rara vez;Nunca;Nunca;Nunca;Nunca;Con frecuencia;Nunca;Nunca;Con frecuencia;Nunca;Nunca;Nunca;Nunca;3;0;0;0;Mejoran;Acepto
2024/08/07 1:38:56 p.Â m. EEST;59;Youtube Music;5;S’;No;No;Rock;No;S’;Con frecuencia;A veces;Rara vez;Con frecuencia;Rara vez;Nunca;A veces;Rara vez;A veces;Nunca;Con frecuencia;A veces;A veces;Nunca;Con frecuencia;Nunca;7;3;1;1;Apenas noto efecto;Acepto
2024/08/07 1:50:24 p.Â m. EEST;52;No suelo utilizar servicios de streaming;1;S’;No;No;Rock;No;S’;Rara vez;A veces;Nunca;Con frecuencia;Nunca;Nunca;Nunca;Nunca;Rara vez;Nunca;Con frecuencia;Con frecuencia;Rara vez;Rara vez;Con frecuencia;A veces;8;1;2;0;Mejoran;Acepto
2024/08/07 1:59:01 p.Â m. EEST;48;Spotify;1.5;No;No;No;Pop;S’;S’;Rara vez;Nunca;Nunca;Rara vez;Nunca;Rara vez;Nunca;A veces;A veces;Nunca;A veces;Con frecuencia;Nunca;Rara vez;Con frecuencia;Rara vez;1;1;0;0;Mejoran;Acepto
2024/08/07 2:02:27 p.Â m. EEST;44;Spotify;2;S’;No;No;Metal;S’;S’;A veces;Rara vez;Rara vez;Rara vez;Rara vez;Rara vez;Rara vez;Rara vez;Rara vez;Rara vez;Con frecuencia;Con frecuencia;Rara vez;Rara vez;Con frecuencia;Rara vez;1;1;3;0;Mejoran;Acepto
2024/08/07 2:04:30 p.Â m. EEST;38;No suelo utilizar servicios de streaming;13;No;No;No;Pop;S’;No;A veces;Nunca;Nunca;Nunca;Nunca;Rara vez;Nunca;A veces;Rara vez;Nunca;Nunca;Con frecuencia;Nunca;A veces;Nunca;Nunca;3;2;0;3;Mejoran;Acepto
2024/08/07 2:07:45 p.Â m. EEST;40;No suelo utilizar servicios de streaming;0.5;No;No;No;Pop;S’;S’;A veces;Rara vez;Nunca;Nunca;Nunca;Nunca;Nunca;Nunca;A veces;Nunca;Nunca;Con frecuencia;Nunca;Nunca;A veces;Nunca;2;1;0;0;Apenas noto efecto;Acepto
2024/08/07 2:10:02 p.Â m. EEST;51;Youtube Music;0.25;No;No;No;Latina;No;S’;Rara vez;Nunca;Nunca;Rara vez;Nunca;Nunca;Nunca;Rara vez;A veces;Nunca;Nunca;A veces;Nunca;A veces;A veces;Nunca;0;1;1;0;Mejoran;Acepto
2024/08/07 2:11:54 p.Â m. EEST;33;No suelo utilizar servicios de streaming;0.5;S’;No;No;Pop;No;No;Rara vez;Nunca;Nunca;Nunca;Nunca;Rara vez;Nunca;A veces;Con frecuencia;Nunca;Nunca;Con frecuencia;Nunca;Nunca;A veces;Rara vez;8;4;7;1;Mejoran;Acepto
2024/08/07 2:33:41 p.Â m. EEST;53;No suelo utilizar servicios de streaming;1;No;No;No;Pop;S’;S’;A veces;Nunca;Nunca;Rara vez;Nunca;Nunca;Rara vez;A veces;A veces;Nunca;Nunca;Con frecuencia;Rara vez;Rara vez;Rara vez;Rara vez;0;0;1;0;Apenas noto efecto;Acepto
2024/08/07 2:42:54 p.Â m. EEST;44;No suelo utilizar servicios de streaming;4.5;S’;S’;No;Pop;S’;S’;Rara vez;Rara vez;A veces;Con frecuencia;Rara vez;A veces;Rara vez;Con frecuencia;Con frecuencia;Rara vez;A veces;Con frecuencia;Rara vez;Rara vez;Con frecuencia;Rara vez;7;5;4;5;Apenas noto efecto;Acepto
2024/08/07 2:45:00 p.Â m. EEST;19;No suelo utilizar servicios de streaming;3;S’;S’;No;Jazz;No;S’;A veces;A veces;A veces;A veces;A veces;A veces;Con frecuencia;Rara vez;Con frecuencia;Rara vez;Rara vez;Con frecuencia;Con frecuencia;A veces;Con frecuencia;Rara vez;0;0;0;0;Mejoran;Acepto
2024/08/07 2:45:40 p.Â m. EEST;18;Spotify;1;S’;S’;S’;Folk;S’;S’;A veces;Nunca;Rara vez;A veces;Rara vez;A veces;Rara vez;Rara vez;A veces;Nunca;Nunca;A veces;Con frecuencia;Con frecuencia;A veces;Rara vez;0;0;1;0;Mejoran;Acepto
2024/08/07 2:48:20 p.Â m. EEST;51;Youtube Music;4;No;No;No;Pop;S’;S’;A veces;A veces;Rara vez;Rara vez;Rara vez;Nunca;Rara vez;Rara vez;A veces;Nunca;Nunca;Con frecuencia;Nunca;Nunca;Con frecuencia;Nunca;0;0;1;0;Mejoran;Acepto
2024/08/07 2:50:16 p.Â m. EEST;40;Youtube Music;3;S’;No;No;Pop;No;S’;Nunca;Rara vez;Rara vez;Rara vez;Rara vez;Rara vez;Rara vez;Rara vez;Con frecuencia;Rara vez;Rara vez;Con frecuencia;Rara vez;Rara vez;A veces;Nunca;5;5;1;0;Mejoran;Acepto
2024/08/07 2:52:27 p.Â m. EEST;40;Spotify;1;S’;No;No;Pop;No;S’;Rara vez;Rara vez;Rara vez;A veces;Rara vez;Rara vez;A veces;Rara vez;Rara vez;Nunca;Nunca;Con frecuencia;Rara vez;Rara vez;A veces;Nunca;1;1;3;0;Mejoran;Acepto
2024/08/07 2:57:18 p.Â m. EEST;47;Youtube Music;1;No;S’;No;Latina;S’;S’;A veces;Rara vez;Rara vez;Con frecuencia;A veces;Rara vez;Nunca;Rara vez;Con frecuencia;Nunca;A veces;Con frecuencia;Nunca;Nunca;Rara vez;Nunca;8;6;4;5;Mejoran;Acepto
2024/08/07 2:59:16 p.Â m. EEST;40;Spotify;8;S’;No;No;Rock;S’;S’;A veces;Nunca;A veces;A veces;Nunca;Rara vez;Nunca;Rara vez;A veces;A veces;Nunca;Con frecuencia;Rara vez;Rara vez;Con frecuencia;Rara vez;7;5;3;0;Mejoran;Acepto
2024/08/07 3:00:43 p.Â m. EEST;58;Youtube Music;2;No;No;No;Rock;S’;S’;Rara vez;A veces;Nunca;A veces;Rara vez;Rara vez;Nunca;Rara vez;A veces;Nunca;Con frecuencia;Con frecuencia;Nunca;Rara vez;Con frecuencia;Nunca;0;0;0;0;Apenas noto efecto;Acepto
2024/08/07 3:06:41 p.Â m. EEST;41;Youtube Music;0.25;No;No;No;Metal;No;S’;Nunca;Nunca;Nunca;Nunca;Nunca;Nunca;Nunca;Nunca;Nunca;Nunca;Con frecuencia;Nunca;Nunca;Nunca;Con frecuencia;Nunca;2;0;0;0;Apenas noto efecto;Acepto
2024/08/07 3:08:00 p.Â m. EEST;53;Spotify;3;S’;S’;No;Pop;S’;S’;Rara vez;Nunca;Nunca;A veces;Nunca;Rara vez;Nunca;Rara vez;A veces;Nunca;Rara vez;A veces;Nunca;Nunca;Nunca;Nunca;0;0;1;0;Mejoran;Acepto
2024/08/07 3:13:08 p.Â m. EEST;43;No suelo utilizar servicios de streaming;0.25;No;No;No;Rock;No;S’;A veces;Nunca;Nunca;Rara vez;Rara vez;Rara vez;A veces;Nunca;A veces;Nunca;Con frecuencia;Con frecuencia;Rara vez;Rara vez;Con frecuencia;Nunca;2;0;0;0;Mejoran;Acepto
2024/08/07 3:16:45 p.Â m. EEST;21;Spotify;2.5;S’;S’;No;EDM;No;S’;Nunca;Nunca;Con frecuencia;Nunca;Nunca;Rara vez;Nunca;Nunca;A veces;Rara vez;Rara vez;A veces;A veces;Rara vez;Rara vez;Nunca;9;4;2;3;Mejoran;Acepto
2024/08/07 3:23:39 p.Â m. EEST;52;Spotify;0.5;No;No;No;Rock;No;S’;Rara vez;Rara vez;Rara vez;A veces;Rara vez;Nunca;Rara vez;A veces;Rara vez;Nunca;Rara vez;A veces;Rara vez;Nunca;A veces;Nunca;1;1;1;1;Mejoran;Acepto
2024/08/07 3:24:30 p.Â m. EEST;56;No suelo utilizar servicios de streaming;0.5;No;No;No;Pop;S’;No;Nunca;Rara vez;Nunca;A veces;Nunca;Rara vez;Nunca;Rara vez;Rara vez;Nunca;A veces;Con frecuencia;A veces;A veces;Con frecuencia;Nunca;1;1;6;0;Mejoran;Acepto
2024/08/07 3:27:34 p.Â m. EEST;55;Youtube Music;1;S’;S’;No;Folk;S’;No;Nunca;Nunca;Nunca;A veces;Nunca;Nunca;Nunca;Rara vez;A veces;Nunca;Nunca;A veces;Nunca;Nunca;A veces;Nunca;2;1;2;0;Mejoran;Acepto
2024/08/07 3:28:08 p.Â m. EEST;37;Youtube Music;1;No;S’;S’;Folk;S’;No;A veces;Rara vez;Nunca;Con frecuencia;Rara vez;Nunca;Nunca;Nunca;Rara vez;Nunca;Nunca;Rara vez;Nunca;Nunca;Nunca;Nunca;1;0;1;0;Mejoran;Acepto
2024/08/07 3:31:03 p.Â m. EEST;19;Spotify;2;S’;S’;No;Pop;S’;S’;Nunca;Nunca;Nunca;Con frecuencia;Nunca;Nunca;Nunca;Rara vez;Nunca;Nunca;Nunca;Con frecuencia;Nunca;Nunca;Nunca;Nunca;2;1;2;0;Mejoran;Acepto
2024/08/07 3:32:34 p.Â m. EEST;45;Youtube Music;2;No;No;No;Latina;S’;No;A veces;Rara vez;Rara vez;A veces;Nunca;Nunca;Rara vez;A veces;Con frecuencia;Nunca;Rara vez;A veces;Nunca;Nunca;Rara vez;Nunca;2;1;1;1;Apenas noto efecto;Acepto
2024/08/07 3:35:51 p.Â m. EEST;27;Spotify;8.5;S’;S’;No;Folk;S’;S’;Rara vez;Rara vez;A veces;Con frecuencia;Nunca;Nunca;Nunca;Nunca;Rara vez;A veces;Rara vez;Nunca;Nunca;Rara vez;A veces;Nunca;0;0;2;1;Apenas noto efecto;Acepto
2024/08/07 3:37:00 p.Â m. EEST;36;Spotify;1;No;S’;No;Folk;S’;S’;A veces;Nunca;Nunca;Con frecuencia;Rara vez;Nunca;A veces;Rara vez;Rara vez;Nunca;Nunca;A veces;Nunca;Nunca;Nunca;Nunca;1;0;0;0;Mejoran;Acepto
2024/08/07 3:39:39 p.Â m. EEST;38;Youtube Music;1;No;S’;No;Folk;S’;S’;Rara vez;Rara vez;Nunca;Con frecuencia;Nunca;Rara vez;A veces;Nunca;Rara vez;Nunca;Nunca;Con frecuencia;Nunca;Rara vez;Con frecuencia;Con frecuencia;3;1;0;8;Mejoran;Acepto
2024/08/07 3:43:44 p.Â m. EEST;60;Spotify;1.5;No;No;No;Pop;No;S’;A veces;A veces;Rara vez;A veces;Nunca;Nunca;Rara vez;Rara vez;Rara vez;Nunca;Nunca;A veces;A veces;Rara vez;A veces;Nunca;0;1;2;0;Mejoran;Acepto
2024/08/07 3:45:08 p.Â m. EEST;54;Spotify;1;No;No;No;Pop;S’;S’;A veces;Rara vez;Nunca;Rara vez;Rara vez;Nunca;Nunca;Rara vez;A veces;Rara vez;Nunca;A veces;Nunca;Nunca;Nunca;Nunca;7;7;9;2;Mejoran;Acepto
2024/08/07 4:01:18 p.Â m. EEST;18;Spotify;2;S’;S’;No;Folk;No;S’;Con frecuencia;Nunca;Nunca;Con frecuencia;Nunca;Nunca;Nunca;Nunca;Nunca;Nunca;Nunca;Nunca;Nunca;Nunca;Nunca;Nunca;3;0;1;6;Mejoran;Acepto
2024/08/07 4:11:54 p.Â m. EEST;65;Youtube Music;0.5;No;No;No;ClĂˇsica;No;No;Con frecuencia;Rara vez;Nunca;Nunca;Nunca;Nunca;Nunca;Nunca;Con frecuencia;Nunca;Nunca;A veces;Nunca;Nunca;Nunca;Nunca;3;0;0;0;Apenas noto efecto;Acepto
2024/08/07 4:12:43 p.Â m. EEST;37;Spotify;2;S’;No;No;Rock;S’;S’;Rara vez;Rara vez;Nunca;Rara vez;Rara vez;A veces;Nunca;Rara vez;Con frecuencia;Rara vez;A veces;Con frecuencia;Rara vez;A veces;Con frecuencia;Nunca;10;7;7;5;Mejoran;Acepto
2024/08/07 4:15:30 p.Â m. EEST;28;Spotify;1.5;S’;S’;No;Rock;S’;S’;Rara vez;Rara vez;Con frecuencia;Rara vez;Nunca;A veces;Rara vez;A veces;A veces;A veces;Con frecuencia;Con frecuencia;A veces;A veces;Con frecuencia;Rara vez;2;1;2;1;Apenas noto efecto;Acepto
2024/08/07 4:25:21 p.Â m. EEST;60;No suelo utilizar servicios de streaming;1;No;No;No;Rock;No;No;A veces;Rara vez;Nunca;Rara vez;Nunca;Nunca;Rara vez;Nunca;Nunca;Nunca;A veces;A veces;A veces;Nunca;Con frecuencia;Nunca;1;0;3;0;Apenas noto efecto;Acepto
2024/08/07 4:26:05 p.Â m. EEST;43;Youtube Music;2.5;No;S’;No;Latina;S’;No;Nunca;Nunca;Nunca;A veces;Nunca;Nunca;Nunca;Nunca;A veces;Nunca;Nunca;Nunca;Nunca;Nunca;Nunca;Nunca;0;0;0;0;Mejoran;Acepto
2024/08/07 4:28:42 p.Â m. EEST;51;Youtube Music;1.5;No;No;No;Pop;S’;S’;A veces;A veces;A veces;Nunca;Rara vez;Rara vez;Rara vez;A veces;A veces;Nunca;Nunca;Con frecuencia;Rara vez;Rara vez;Rara vez;Nunca;2;2;3;1;Mejoran;Acepto
2024/08/07 4:32:36 p.Â m. EEST;49;Youtube Music;2;No;No;No;Rock;S’;No;Rara vez;Nunca;Nunca;Nunca;Nunca;Nunca;Nunca;A veces;A veces;Nunca;Rara vez;A veces;Nunca;Nunca;A veces;Nunca;1;0;0;0;Mejoran;Acepto
2024/08/07 4:32:48 p.Â m. EEST;63;Youtube Music;1.5;No;No;No;Rock;S’;S’;Rara vez;Con frecuencia;Rara vez;Rara vez;Rara vez;Nunca;Nunca;Nunca;A veces;Nunca;Con frecuencia;Rara vez;Rara vez;Nunca;Con frecuencia;Rara vez;4;1;5;9;Mejoran;Acepto
2024/08/07 4:52:09 p.Â m. EEST;52;Youtube Music;2;No;No;No;Pop;S’;S’;A veces;Nunca;Nunca;Rara vez;Nunca;Nunca;Rara vez;A veces;A veces;Nunca;Nunca;Con frecuencia;Nunca;Rara vez;Rara vez;Nunca;8;6;7;5;Mejoran;Acepto
2024/08/07 5:03:45 p.Â m. EEST;30;Spotify;2;S’;S’;No;Metal;S’;S’;Rara vez;Rara vez;Rara vez;Rara vez;A veces;Con frecuencia;Rara vez;Nunca;Rara vez;Rara vez;Con frecuencia;A veces;Con frecuencia;Con frecuencia;Con frecuencia;Con frecuencia;2;1;2;1;Mejoran;Acepto
2024/08/07 5:31:16 p.Â m. EEST;38;Spotify;8;S’;No;No;Latina;S’;S’;Rara vez;Rara vez;A veces;A veces;Rara vez;Rara vez;Rara vez;A veces;A veces;Rara vez;Rara vez;A veces;Rara vez;Rara vez;A veces;Rara vez;8;3;2;2;Mejoran;Acepto
2024/08/07 5:50:42 p.Â m. EEST;41;Otros;7;S’;No;No;Pop;S’;S’;A veces;A veces;Nunca;Nunca;Nunca;Nunca;Nunca;Nunca;Nunca;Nunca;Nunca;Con frecuencia;Nunca;Nunca;Nunca;Nunca;1;0;0;0;Mejoran;Acepto
2024/08/07 5:52:42 p.Â m. EEST;30;Spotify;3;S’;No;No;Rock;S’;No;Con frecuencia;Rara vez;Nunca;Rara vez;Nunca;Rara vez;A veces;Nunca;Rara vez;Nunca;Rara vez;A veces;Nunca;Rara vez;Con frecuencia;Nunca;2;0;2;0;Mejoran;Acepto
2024/08/07 6:01:30 p.Â m. EEST;53;No suelo utilizar servicios de streaming;9;S’;No;No;Pop;S’;No;A veces;Rara vez;Nunca;Rara vez;Rara vez;Nunca;Nunca;Nunca;Con frecuencia;Rara vez;Nunca;Con frecuencia;Rara vez;Rara vez;Nunca;Nunca;8;4;0;0;Mejoran;Acepto
2024/08/07 6:11:00 p.Â m. EEST;28;Spotify;6;No;S’;No;Pop;S’;No;Nunca;Rara vez;Nunca;Rara vez;Rara vez;Nunca;Nunca;Nunca;A veces;Nunca;Nunca;Con frecuencia;Nunca;Rara vez;Rara vez;Nunca;7;1;5;0;Mejoran;Acepto
2024/08/07 6:32:02 p.Â m. EEST;42;Otros;1;No;No;No;Rock;No;S’;Con frecuencia;Con frecuencia;Rara vez;A veces;A veces;Rara vez;Con frecuencia;Nunca;A veces;Nunca;Rara vez;A veces;Con frecuencia;Rara vez;Con frecuencia;Nunca;2;0;0;2;Apenas noto efecto;Acepto
2024/08/07 6:57:53 p.Â m. EEST;31;Spotify;2;S’;S’;No;Pop;No;No;A veces;Rara vez;A veces;Rara vez;Nunca;Con frecuencia;Rara vez;Rara vez;Con frecuencia;Rara vez;Rara vez;A veces;Rara vez;Con frecuencia;Con frecuencia;Rara vez;3;1;0;2;Apenas noto efecto;Acepto
2024/08/07 7:08:22 p.Â m. EEST;30;Spotify;2.5;S’;S’;S’;Metal;S’;S’;Nunca;Nunca;Rara vez;Rara vez;Nunca;Rara vez;Nunca;Nunca;Rara vez;Nunca;Con frecuencia;Rara vez;Nunca;Rara vez;Con frecuencia;Nunca;3;2;0;2;Mejoran;Acepto
2024/08/07 7:13:32 p.Â m. EEST;30;Spotify;0.25;No;No;No;Rock;No;No;A veces;Rara vez;Nunca;Nunca;Nunca;Rara vez;Nunca;Nunca;Rara vez;Nunca;Nunca;Con frecuencia;Nunca;A veces;Con frecuencia;Nunca;1;0;1;0;Apenas noto efecto;Acepto
2024/08/07 8:02:59 p.Â m. EEST;25;Spotify;1.5;No;No;No;Pop;S’;S’;Nunca;Rara vez;Nunca;Nunca;Nunca;A veces;Rara vez;Nunca;Con frecuencia;Nunca;Rara vez;Con frecuencia;Rara vez;Rara vez;A veces;Nunca;1;0;2;1;Mejoran;Acepto
2024/08/07 8:18:13 p.Â m. EEST;54;Spotify;5;S’;No;No;Pop;No;No;Rara vez;Rara vez;Nunca;Rara vez;Nunca;Nunca;Nunca;Nunca;Rara vez;Nunca;Nunca;Con frecuencia;Nunca;Nunca;A veces;Con frecuencia;4;0;0;6;Mejoran;Acepto
2024/08/07 10:25:51 p.Â m. EEST;39;Spotify;1.5;S’;S’;No;Rock;No;S’;Con frecuencia;A veces;Rara vez;Con frecuencia;Rara vez;A veces;A veces;Rara vez;A veces;Rara vez;Con frecuencia;A veces;Con frecuencia;A veces;Con frecuencia;Rara vez;1;3;4;1;Mejoran;Acepto
2024/08/07 10:34:45 p.Â m. EEST;49;Youtube Music;0.25;No;No;No;EDM;No;S’;Nunca;Rara vez;Con frecuencia;Nunca;Nunca;Nunca;Nunca;Nunca;Rara vez;Nunca;Rara vez;A veces;Nunca;Nunca;A veces;Nunca;0;0;0;0;Apenas noto efecto;Acepto
2024/08/07 10:46:08 p.Â m. EEST;38;Spotify;1;No;No;No;Pop;No;S’;Nunca;Nunca;Nunca;Nunca;Nunca;Nunca;Nunca;A veces;A veces;Nunca;Nunca;Con frecuencia;Nunca;Nunca;Rara vez;Nunca;4;4;2;0;Mejoran;Acepto
2024/08/07 11:06:25 p.Â m. EEST;33;Spotify;0.5;No;No;No;Pop;No;No;Nunca;Nunca;Nunca;Nunca;Nunca;Nunca;Nunca;Nunca;Nunca;Nunca;Nunca;Con frecuencia;Nunca;Nunca;Nunca;Nunca;2;1;1;1;Apenas noto efecto;Acepto
2024/08/07 11:11:39 p.Â m. EEST;63;No suelo utilizar servicios de streaming;0.25;No;No;No;ClĂˇsica;No;S’;Con frecuencia;Rara vez;Nunca;Con frecuencia;Rara vez;Rara vez;Rara vez;Nunca;Rara vez;Nunca;A veces;A veces;Nunca;Rara vez;A veces;Nunca;0;0;1;0;Mejoran;Acepto
2024/08/07 11:38:26 p.Â m. EEST;46;Spotify;2;S’;No;No;Rock;S’;S’;Con frecuencia;Rara vez;Nunca;Rara vez;Rara vez;Nunca;A veces;Rara vez;Rara vez;Nunca;Rara vez;Con frecuencia;A veces;Nunca;Con frecuencia;Nunca;7;3;6;0;Mejoran;Acepto
2024/08/07 11:50:14 p.Â m. EEST;62;Spotify;3;S’;S’;No;Rock;S’;S’;A veces;Rara vez;Rara vez;Rara vez;A veces;Nunca;Rara vez;Rara vez;Rara vez;Rara vez;Rara vez;A veces;A veces;Nunca;Con frecuencia;Nunca;1;1;1;0;Mejoran;Acepto
2024/08/08 12:27:28 a.Â m. EEST;46;Spotify;2;S’;No;No;Rock;S’;S’;A veces;Rara vez;Nunca;Rara vez;Rara vez;Nunca;A veces;Rara vez;Rara vez;Nunca;Rara vez;Con frecuencia;Nunca;Rara vez;Con frecuencia;Nunca;6;5;7;0;Mejoran;Acepto
2024/08/08 1:33:53 a.Â m. EEST;49;Spotify;0.5;No;No;No;Pop;No;S’;Rara vez;Nunca;Nunca;Nunca;Nunca;Rara vez;Nunca;Rara vez;A veces;Nunca;Nunca;Con frecuencia;Nunca;Nunca;Rara vez;Nunca;2;0;2;0;Mejoran;Acepto
2024/08/08 7:49:49 a.Â m. EEST;56;No suelo utilizar servicios de streaming;0.25;No;S’;No;R&B;No;S’;Nunca;Nunca;Nunca;Rara vez;Rara vez;Rara vez;Rara vez;Nunca;Rara vez;Nunca;Nunca;Con frecuencia;Con frecuencia;Rara vez;Rara vez;Nunca;5;1;8;1;Mejoran;Acepto
2024/08/08 9:36:31 a.Â m. EEST;25;Spotify;10;S’;No;No;Latina;S’;S’;A veces;A veces;Con frecuencia;Rara vez;Rara vez;A veces;A veces;Rara vez;Con frecuencia;Con frecuencia;Con frecuencia;Con frecuencia;Con frecuencia;Rara vez;Con frecuencia;Rara vez;1;0;1;0;Mejoran;Acepto
2024/08/08 1:47:15 p.Â m. EEST;23;Spotify;2;S’;No;No;EDM;S’;S’;Nunca;Rara vez;Con frecuencia;Rara vez;Rara vez;Con frecuencia;A veces;Nunca;Rara vez;Con frecuencia;Rara vez;Rara vez;Con frecuencia;Con frecuencia;A veces;Nunca;7;3;8;3;Apenas noto efecto;Acepto
2024/08/08 4:25:40 p.Â m. EEST;35;Youtube Music;1;No;S’;S’;Rock;No;S’;Con frecuencia;Rara vez;Nunca;Rara vez;Nunca;A veces;A veces;Nunca;A veces;Nunca;Nunca;A veces;Rara vez;Rara vez;Con frecuencia;Nunca;5;5;4;1;Mejoran;Acepto
2024/08/08 5:24:29 p.Â m. EEST;80;No suelo utilizar servicios de streaming;1;No;S’;No;Country;No;S’;A veces;Con frecuencia;Nunca;A veces;A veces;Rara vez;A veces;Nunca;Nunca;Nunca;Nunca;A veces;Rara vez;A veces;A veces;Nunca;1;0;4;0;Mejoran;Acepto
2024/08/08 9:20:27 p.Â m. EEST;54;No suelo utilizar servicios de streaming;2;S’;No;No;Pop;No;S’;Rara vez;A veces;Rara vez;Rara vez;Rara vez;Rara vez;Rara vez;A veces;Con frecuencia;Rara vez;A veces;Con frecuencia;A veces;Rara vez;A veces;Rara vez;0;0;1;0;Apenas noto efecto;Acepto
2024/08/09 1:00:08 a.Â m. EEST;31;Spotify;8;S’;S’;No;Rock;S’;No;A veces;Nunca;Rara vez;Rara vez;Nunca;Nunca;A veces;Nunca;Rara vez;A veces;Con frecuencia;Con frecuencia;A veces;Rara vez;Con frecuencia;Con frecuencia;2;0;2;0;Mejoran;Acepto
2024/08/09 1:03:40 a.Â m. EEST;31;Spotify;3;No;No;No;Jazz;S’;S’;A veces;Rara vez;Nunca;Nunca;Nunca;Nunca;Con frecuencia;Nunca;Nunca;Nunca;Rara vez;Rara vez;A veces;Nunca;Rara vez;Rara vez;5;1;3;3;Mejoran;Acepto
2024/08/09 8:00:29 p.Â m. EEST;41;Spotify;1;No;No;No;Pop;No;No;Nunca;Nunca;Nunca;Rara vez;A veces;Rara vez;Nunca;Nunca;Nunca;Nunca;Nunca;Con frecuencia;Rara vez;Rara vez;Rara vez;Nunca;8;0;2;0;Mejoran;Acepto
2024/08/09 9:16:55 p.Â m. EEST;26;Spotify;5;S’;S’;No;Rock;No;S’;A veces;Rara vez;Rara vez;A veces;Nunca;A veces;Rara vez;Rara vez;A veces;A veces;A veces;A veces;Rara vez;Rara vez;A veces;A veces;6;2;5;3;Mejoran;Acepto
2024/08/09 11:50:09 p.Â m. EEST;27;Spotify;2;S’;No;No;Latina;S’;No;Nunca;Rara vez;Con frecuencia;Nunca;Nunca;Con frecuencia;Rara vez;Rara vez;Con frecuencia;Rara vez;Rara vez;Con frecuencia;Con frecuencia;Con frecuencia;Con frecuencia;Rara vez;3;3;2;2;Mejoran;Acepto
2024/08/09 11:55:20 p.Â m. EEST;25;Spotify;1.5;No;No;No;Pop;No;S’;Rara vez;Rara vez;A veces;Rara vez;Nunca;Con frecuencia;Rara vez;Rara vez;Con frecuencia;Nunca;Rara vez;Con frecuencia;Rara vez;A veces;Con frecuencia;Nunca;8;5;2;0;Mejoran;Acepto
2024/08/10 3:27:22 p.Â m. EEST;29;Otros;5;S’;S’;No;Latina;S’;S’;A veces;A veces;Con frecuencia;A veces;Rara vez;Con frecuencia;Con frecuencia;Nunca;Con frecuencia;Nunca;A veces;Rara vez;Con frecuencia;Rara vez;A veces;A veces;1;0;3;5;Apenas noto efecto;Acepto
2024/08/10 8:44:19 p.Â m. EEST;25;Spotify;1;No;No;No;Rock;No;S’;A veces;Nunca;A veces;Nunca;Rara vez;Nunca;Rara vez;Nunca;A veces;A veces;A veces;Con frecuencia;Rara vez;Rara vez;Con frecuencia;Rara vez;5;8;3;2;Mejoran;Acepto
2024/08/11 7:59:16 p.Â m. EEST;25;Spotify;0.5;S’;No;No;Pop;S’;S’;Rara vez;Nunca;Nunca;Con frecuencia;Nunca;Nunca;A veces;Nunca;A veces;Rara vez;Nunca;Con frecuencia;Rara vez;Nunca;A veces;Nunca;3;0;0;0;Mejoran;Acepto
2024/08/13 2:12:52 p.Â m. EEST;30;Spotify;0.5;S’;No;No;Rock;S’;S’;Nunca;Rara vez;Nunca;Rara vez;Nunca;Nunca;Rara vez;Nunca;A veces;Nunca;A veces;Con frecuencia;Nunca;Nunca;Con frecuencia;Rara vez;7;7;8;0;Apenas noto efecto;Acepto
2024/08/15 12:59:16 p.Â m. EEST;30;Spotify;2.5;S’;No;No;Rock;S’;S’;Nunca;Rara vez;Con frecuencia;Rara vez;Nunca;Nunca;Nunca;Nunca;Rara vez;Nunca;A veces;Con frecuencia;Rara vez;Rara vez;Con frecuencia;Nunca;2;1;0;0;Apenas noto efecto;Acepto
2024/08/15 8:21:04 p.Â m. EEST;32;Spotify;3;No;S’;No;Rock;S’;S’;Rara vez;Con frecuencia;Rara vez;Con frecuencia;A veces;Rara vez;Rara vez;Nunca;Rara vez;Con frecuencia;A veces;Con frecuencia;Rara vez;Rara vez;Con frecuencia;Rara vez;5;8;9;0;Mejoran;Acepto
2024/08/17 10:49:56 p.Â m. EEST;32;Spotify;0.25;No;No;No;Latina;S’;S’;Rara vez;Nunca;Nunca;Nunca;Nunca;A veces;A veces;Nunca;Con frecuencia;Nunca;Nunca;A veces;Con frecuencia;Con frecuencia;Con frecuencia;Nunca;10;10;10;0;Mejoran;Acepto